course,relative_path,extension,size_bytes,status,note,detail
Incident Response,01강_Lesson overview_v1.2.pdf,.pdf,1422716,pdf_imported,Incident Response\PDF\01강_Lesson overview_v1.2-feeddb58a1.md,28/28 pages with text
Incident Response,02강_What is Incident response_v1.2.pdf,.pdf,1002065,pdf_imported,Incident Response\PDF\02강_What is Incident response_v1.2-d4cad13604.md,21/21 pages with text
Incident Response,03강_Cybersecurity Incident Trends and Forecasts_v1.2.pdf,.pdf,1121455,pdf_imported,Incident Response\PDF\03강_Cybersecurity Incident Trends and Forecasts_v1.2-0d8e72b8ed.md,20/20 pages with text
Incident Response,04강_Cybersecurity Incident Guide and Manual_v.1.2.pdf,.pdf,587127,pdf_imported,Incident Response\PDF\04강_Cybersecurity Incident Guide and Manual_v.1.2-08523403b9.md,20/20 pages with text
Incident Response,05강_Cybersecurity Threat Model_v1.2.pdf,.pdf,890406,pdf_imported,Incident Response\PDF\05강_Cybersecurity Threat Model_v1.2-8ef59ee7ce.md,19/19 pages with text
Incident Response,06강_MITRE ATT&CK 시나리오_v1.2.pdf,.pdf,663637,pdf_imported,Incident Response\PDF\06강_MITRE ATT&CK 시나리오_v1.2-bbf6e35467.md,21/21 pages with text
Incident Response,07강_Volatile Non-volatile_v1.2.pdf,.pdf,693110,pdf_imported,Incident Response\PDF\07강_Volatile Non-volatile_v1.2-2380a381fb.md,22/22 pages with text
Incident Response,08강_What is MAC time_v1.2.pdf,.pdf,1633550,pdf_imported,Incident Response\PDF\08강_What is MAC time_v1.2-783f33b1a0.md,22/22 pages with text
Incident Response,09강_File system log_v1.2.pdf,.pdf,2206034,pdf_imported,Incident Response\PDF\09강_File system log_v1.2-e2fe725cc2.md,20/20 pages with text
Incident Response,10강_EventLog_v1.2.pdf,.pdf,1533794,pdf_imported,Incident Response\PDF\10강_EventLog_v1.2-655a502009.md,20/20 pages with text
Incident Response,11강_Executable Files_v1.2.pdf,.pdf,1223399,pdf_imported,Incident Response\PDF\11강_Executable Files_v1.2-24b865b965.md,15/15 pages with text
Incident Response,12강_Document files_v1.2.pdf,.pdf,1575817,pdf_imported,Incident Response\PDF\12강_Document files_v1.2-08a5334e24.md,21/21 pages with text
Incident Response,13강_Web_v1.2.pdf,.pdf,1436888,pdf_imported,Incident Response\PDF\13강_Web_v1.2-b19ce2ea94.md,25/25 pages with text
Incident Response,14강_Process_v1.2.pdf,.pdf,530388,pdf_imported,Incident Response\PDF\14강_Process_v1.2-aa5c8f9a62.md,20/20 pages with text
Incident Response,15강_Other Collections_v1.2.pdf,.pdf,1652160,pdf_imported,Incident Response\PDF\15강_Other Collections_v1.2-8886c488e1.md,22/22 pages with text
Incident Response,16강_Persistence Technique_v1.2.pdf,.pdf,1490305,pdf_imported,Incident Response\PDF\16강_Persistence Technique_v1.2-1bc53f3af7.md,23/23 pages with text
Incident Response,17강_Build Your Own Online Collection Tool_(1)_v1.2.pdf,.pdf,474431,pdf_imported,Incident Response\PDF\17강_Build Your Own Online Collection Tool_(1)_v1.2-a3d4af7087.md,18/18 pages with text
Incident Response,18강_자신만의 온라인 수집 도구_(2)_v1.2.pdf,.pdf,482152,pdf_imported,Incident Response\PDF\18강_자신만의 온라인 수집 도구_(2)_v1.2-eb460edeb3.md,20/20 pages with text
Incident Response,19강_Powershell Syntax and Fundamentals_v1.2.pdf,.pdf,771366,pdf_imported,Incident Response\PDF\19강_Powershell Syntax and Fundamentals_v1.2-90b0a4c9b0.md,21/21 pages with text
Incident Response,20강_Powershell Conditions and Controls_v1.2.pdf,.pdf,773451,pdf_imported,Incident Response\PDF\20강_Powershell Conditions and Controls_v1.2-c62459404f.md,22/22 pages with text
Incident Response,21강_Powershell Modules and Functions_v1.2.pdf,.pdf,659403,pdf_imported,Incident Response\PDF\21강_Powershell Modules and Functions_v1.2-4a42e6e035.md,19/19 pages with text
Incident Response,22강_.Net and COM_v1.2.pdf,.pdf,772710,pdf_imported,Incident Response\PDF\22강_.Net and COM_v1.2-ab76b6391a.md,19/19 pages with text
Incident Response,23강_What is Powershell_wmi_v1.2.pdf,.pdf,868519,pdf_imported,Incident Response\PDF\23강_What is Powershell_wmi_v1.2-acdc6b1338.md,22/22 pages with text
Incident Response,24강_Simple automation_v1.2.pdf,.pdf,561610,pdf_imported,Incident Response\PDF\24강_Simple automation_v1.2-1709c6e68d.md,21/21 pages with text
Incident Response,"25강_BruteForce, Dictionary attack_v1.2.pdf",.pdf,1107792,pdf_imported,"Incident Response\PDF\25강_BruteForce, Dictionary attack_v1.2-51affff380.md",22/22 pages with text
Incident Response,26강_down_drop_v1.2.pdf,.pdf,1087578,pdf_imported,Incident Response\PDF\26강_down_drop_v1.2-2aae6774b7.md,20/20 pages with text
Incident Response,27강_Powershell Malicious Behavior_v1.2.pdf,.pdf,1008237,pdf_imported,Incident Response\PDF\27강_Powershell Malicious Behavior_v1.2-b857f9c16a.md,21/21 pages with text
Incident Response,28강_Obfuscation_v1.2.pdf,.pdf,1085619,pdf_imported,Incident Response\PDF\28강_Obfuscation_v1.2-b36cf1c774.md,26/26 pages with text
Incident Response,29강_Incident Response_(1)_v1.2.pdf,.pdf,1104376,pdf_imported,Incident Response\PDF\29강_Incident Response_(1)_v1.2-a74e44a504.md,18/18 pages with text
Incident Response,30강_Incident Response_(2)_v1.2.pdf,.pdf,1129328,pdf_imported,Incident Response\PDF\30강_Incident Response_(2)_v1.2-ef08f0d98b.md,23/23 pages with text
Incident Response,31강_AD_Description_Configuration_v1.2.pdf,.pdf,692081,pdf_imported,Incident Response\PDF\31강_AD_Description_Configuration_v1.2-252ede2d83.md,24/24 pages with text
Incident Response,32강_Active Directory Configure_v1.2.pdf,.pdf,3090662,pdf_imported,Incident Response\PDF\32강_Active Directory Configure_v1.2-f19382e18f.md,33/33 pages with text
Incident Response,33강_Active Directory Environment Configuration and Policies_v1.2.pdf,.pdf,2565328,pdf_imported,Incident Response\PDF\33강_Active Directory Environment Configuration and Policies_v1.2-10850854e5.md,29/29 pages with text
Incident Response,34강_ GPOs and Simple Powershell_v1.2.pdf,.pdf,2406907,pdf_imported,Incident Response\PDF\34강_ GPOs and Simple Powershell_v1.2-0d21697cb4.md,26/26 pages with text
Incident Response,35강_AD and Powershell_v1.2.pdf,.pdf,1057156,pdf_imported,Incident Response\PDF\35강_AD and Powershell_v1.2-3618e6ebf1.md,24/24 pages with text
Incident Response,36강_volatility_v1.2.pdf,.pdf,1035399,pdf_imported,Incident Response\PDF\36강_volatility_v1.2-a2d2049494.md,20/20 pages with text
Incident Response,37강_Explain and solve exercises with vol2_v.1.2.pdf,.pdf,1571370,pdf_imported,Incident Response\PDF\37강_Explain and solve exercises with vol2_v.1.2-fc53e9ae5f.md,24/24 pages with text
Incident Response,38강_다양한 분석_v.1.2.pdf,.pdf,2755796,pdf_imported,Incident Response\PDF\38강_다양한 분석_v.1.2-543cde9ded.md,23/23 pages with text
Incident Response,39강_Explain and solve lab problems_v1.2.pdf,.pdf,1058085,pdf_imported,Incident Response\PDF\39강_Explain and solve lab problems_v1.2-2cc349bd8f.md,26/26 pages with text
Incident Response,40강_Take the labs you created1_v.1.2.pdf,.pdf,3187519,pdf_imported,Incident Response\PDF\40강_Take the labs you created1_v.1.2-67ae2f8b4f.md,33/33 pages with text
Incident Response,41강_Solving the labs you created2_v.1.2.pdf,.pdf,2772991,pdf_imported,Incident Response\PDF\41강_Solving the labs you created2_v.1.2-5e1557fa19.md,36/36 pages with text
Incident Response,42강_sysmon1_v.1.2.pdf,.pdf,922263,pdf_imported,Incident Response\PDF\42강_sysmon1_v.1.2-5153c815bc.md,22/22 pages with text
Incident Response,43강_sysmon활용_v.1.2.pdf,.pdf,2000961,pdf_imported,Incident Response\PDF\43강_sysmon활용_v.1.2-7be06a23c1.md,23/23 pages with text
Incident Response,44강_문서형악성코드분석_v.1.2.pdf,.pdf,2472268,pdf_imported,Incident Response\PDF\44강_문서형악성코드분석_v.1.2-94706c5f1f.md,38/38 pages with text
Incident Response,45강_Petya_&_Wiping_v1.2.pdf,.pdf,1646533,pdf_imported,Incident Response\PDF\45강_Petya_&_Wiping_v1.2-036241cac8.md,27/27 pages with text
Incident Response,46강_PETYA복구_v.1.2.pdf,.pdf,2283056,pdf_imported,Incident Response\PDF\46강_PETYA복구_v.1.2-111579c0a4.md,20/20 pages with text
Incident Response,47강_Steganography_v1.2.pdf,.pdf,821327,pdf_imported,Incident Response\PDF\47강_Steganography_v1.2-a37b6abe64.md,22/22 pages with text
Incident Response,48강_시나리오제작1_v.1.2.pdf,.pdf,1257179,pdf_imported,Incident Response\PDF\48강_시나리오제작1_v.1.2-00b0bd1562.md,18/18 pages with text
Incident Response,49강_시나리오제작2_v.1.2.pdf,.pdf,1475008,pdf_imported,Incident Response\PDF\49강_시나리오제작2_v.1.2-9e24f5f65c.md,28/28 pages with text
Incident Response,50강_시나리오분석_v.1.2.pdf,.pdf,2312748,pdf_imported,Incident Response\PDF\50강_시나리오분석_v.1.2-75d5d6e7e5.md,30/30 pages with text
Incident Response,check out the link below.txt,.txt,454,text_imported,Incident Response\Text\check out the link below-9d74b84ac1.md,12 lines
Incident Response,exam\Screenshot 2025-12-10 101950.png,.png,14458,asset_linked,Incident Response\Assets\Screenshot 2025-12-10 101950-b1ed7fd62d.md,Linked original asset
Incident Response,exam\Screenshot 2025-12-10 102212.png,.png,17856,asset_linked,Incident Response\Assets\Screenshot 2025-12-10 102212-5fc5160b9a.md,Linked original asset
Incident Response,exam\Screenshot 2025-12-10 102216.png,.png,12244,asset_linked,Incident Response\Assets\Screenshot 2025-12-10 102216-053608d41e.md,Linked original asset
Incident Response,exam\Screenshot 2025-12-10 102220.png,.png,33623,asset_linked,Incident Response\Assets\Screenshot 2025-12-10 102220-7095f6fd14.md,Linked original asset
Incident Response,exam\Screenshot 2025-12-10 102225.png,.png,38406,asset_linked,Incident Response\Assets\Screenshot 2025-12-10 102225-660bda6014.md,Linked original asset
Incident Response,exam\Screenshot 2025-12-10 102230.png,.png,44811,asset_linked,Incident Response\Assets\Screenshot 2025-12-10 102230-017a02c7f9.md,Linked original asset
Incident Response,exam\Screenshot 2025-12-10 102234.png,.png,46902,asset_linked,Incident Response\Assets\Screenshot 2025-12-10 102234-701784bda4.md,Linked original asset
Incident Response,exam\Screenshot 2025-12-10 102238.png,.png,27671,asset_linked,Incident Response\Assets\Screenshot 2025-12-10 102238-afe1c8ad57.md,Linked original asset
Incident Response,exam\Screenshot 2025-12-10 102242.png,.png,30239,asset_linked,Incident Response\Assets\Screenshot 2025-12-10 102242-912da7b959.md,Linked original asset
Incident Response,exam\Screenshot 2025-12-10 102247.png,.png,14248,asset_linked,Incident Response\Assets\Screenshot 2025-12-10 102247-ef273b6298.md,Linked original asset
Incident Response,exam\Screenshot 2025-12-10 102254.png,.png,212439,asset_linked,Incident Response\Assets\Screenshot 2025-12-10 102254-0df3cda798.md,Linked original asset
Incident Response,exam\Screenshot 2025-12-10 102259.png,.png,42383,asset_linked,Incident Response\Assets\Screenshot 2025-12-10 102259-0569ed70ff.md,Linked original asset
Incident Response,exam\Screenshot 2025-12-10 102309.png,.png,66655,asset_linked,Incident Response\Assets\Screenshot 2025-12-10 102309-e6fdb0efb5.md,Linked original asset
Incident Response,forecopy_handy(v1.2)\forecopy_handy.exe,.exe,2173440,asset_linked,Incident Response\Assets\forecopy_handy-92a3e04cd7.md,Linked original asset
Incident Response,Lab\Lecture 26 Down drop\downloader.ps1,.ps1,575,text_imported,Incident Response\Text\downloader-6d3748fcb0.md,15 lines
Incident Response,Lab\Lecture 26 Down drop\drop.ps1,.ps1,2268,text_imported,Incident Response\Text\drop-24ce8de391.md,64 lines
Incident Response,Lab\Lecture 36 Practice material\Lecture 36_Practice material.zip,.zip,776992958,asset_linked,Incident Response\Assets\Lecture 36_Practice material-358008b2be.md,Linked original asset
Incident Response,Lab\Lecture 38. Rich analytics\Lecture 38_Pracitce material_Win7-001.7z,.7z,2492805882,asset_linked,Incident Response\Assets\Lecture 38_Pracitce material_Win7-001-7ed78fe85a.md,Linked original asset
Incident Response,Lab\Lecture 44. Documented type malware analysis_Sample file\lab01sample.doc.zip,.zip,111120,asset_linked,Incident Response\Assets\lab01sample.doc-dece762287.md,Linked original asset
Incident Response,Lab\Lecture 46. restore PETYA\Lecture 46_Practice material_win7Il-001.zip,.zip,4279082601,asset_linked,Incident Response\Assets\Lecture 46_Practice material_win7Il-001-f58b3be213.md,Linked original asset
Incident Response,Lab\รหัส VPN.txt,.txt,65,text_imported_redacted,Incident Response\Text\รหัส VPN-5d21a2ca88.md,0 lines
Incident Response,Tool and Result\Accounts&Logon.bat,.bat,540,text_imported,Incident Response\Text\Accounts&Logon-cd45ac6b1c.md,16 lines
Incident Response,Tool and Result\browserdownloadsview-x64\BrowserDownloadsView.chm,.chm,20972,asset_linked,Incident Response\Assets\BrowserDownloadsView-a3af122630.md,Linked original asset
Incident Response,Tool and Result\browserdownloadsview-x64\BrowserDownloadsView.exe,.exe,499712,asset_linked,Incident Response\Assets\BrowserDownloadsView-c23aaf548b.md,Linked original asset
Incident Response,Tool and Result\browserdownloadsview-x64\readme.txt,.txt,18483,text_imported,Incident Response\Text\readme-4b560877de.md,466 lines
Incident Response,Tool and Result\browserdownloadsview-x64.zip,.zip,293736,asset_linked,Incident Response\Assets\browserdownloadsview-x64-91a87082b6.md,Linked original asset
Incident Response,Tool and Result\BrowserDownloadsView.exe,.exe,499712,asset_linked,Incident Response\Assets\BrowserDownloadsView-ca97271028.md,Linked original asset
Incident Response,Tool and Result\browsinghistoryview-x64\BrowsingHistoryView.chm,.chm,22502,asset_linked,Incident Response\Assets\BrowsingHistoryView-2d32ec8dc7.md,Linked original asset
Incident Response,Tool and Result\browsinghistoryview-x64\BrowsingHistoryView.exe,.exe,470528,asset_linked,Incident Response\Assets\BrowsingHistoryView-0bf22821f7.md,Linked original asset
Incident Response,Tool and Result\browsinghistoryview-x64\readme.txt,.txt,29370,text_imported,Incident Response\Text\readme-f859b3da58.md,747 lines
Incident Response,Tool and Result\browsinghistoryview-x64.zip,.zip,480861,asset_linked,Incident Response\Assets\browsinghistoryview-x64-622f1f2f5f.md,Linked original asset
Incident Response,Tool and Result\BrowsingHistoryView.exe,.exe,470528,asset_linked,Incident Response\Assets\BrowsingHistoryView-8d2cc728e1.md,Linked original asset
Incident Response,Tool and Result\Build-non-volatily.bat,.bat,509,text_imported,Incident Response\Text\Build-non-volatily-672674915b.md,16 lines
Incident Response,Tool and Result\network.bat,.bat,511,text_imported,Incident Response\Text\network-d67631ec20.md,21 lines
Incident Response,Tool and Result\powershell.ps1,.ps1,102,text_imported,Incident Response\Text\powershell-9d760b19d6.md,5 lines
Incident Response,Tool and Result\robocopy.bat,.bat,461,text_imported,Incident Response\Text\robocopy-c30ce4c431.md,20 lines
Incident Response,Tool and Result\web\download.csv,.csv,480328,text_imported,Incident Response\Text\download-ffe294eb30.md,815 lines
Incident Response,Tool and Result\web\history.csv,.csv,2015440,large_text_linked,Incident Response\Assets\history-b2fe57e04b.md,"Large text-like file linked, not embedded."
Incident Response,Tool and Result\Web.bat,.bat,377,text_imported,Incident Response\Text\Web-9cbc468c7a.md,16 lines
